Workbook

Sheet Target Value 및신재생에너지원 관련 입력변수
A1: Target Value | D1: Variable (신재생에너지원별 특징)
D2: Input1 | E2: Input2 | F2: Input3 | G2: Input4 | H2: Input5 | I2: Input6 | J2: Input7 | K2: Input8
A3: Initial Cost (초기 비용) | B3: 장비비 | D3: =신재생에너지원별특징!F1 -> ⒟원별 장비비(초기비용)(원/kW) | E3: =신재생에너지원별특징!G1 -> ⒠연간단위에너지생산량 단가 (d)/(b) | F3: =신재생에너지원별특징!C1 -> ⒜단위 에너지생산량(kWh/㎡ㆍyr) | G3: =신재생에너지원별특징!E1 -> ⒞연간 단위에너지생산량(kWh/yr) (a)*(b)
B4: 부대시설비용 | C4: 배관, 덕트 등의 자재 비용 | D4: =신재생에너지원별특징!F1 -> ⒟원별 장비비(초기비용)(원/kW) | E4: =신재생에너지원별특징!O1 -> ⒨kW당 설치면적(㎡)
B5: 시공 및 설치비 | C5: 장비 반입, 현장 조립, 용접, 단열, 시운전 등에 투입되는 인건비 및 장비 임대료 | D5: =신재생에너지원별특징!O1 -> ⒨kW당 설치면적(㎡) | E5: =신재생에너지원별특징!S1 -> ⒬공사기간 | F5: =신재생에너지원별특징!T1 -> ⒭공사난이도
A6: Running Cost (운영비) | B6: 에너지 및 유틸리티비용 | C6: 전기/가스, 용수 비용 건물측면: 냉난방, 급탕 비용 | D6: =신재생에너지원별특징!L1 -> ⒥1kW당 연간사용금액(전기, 가스요금) | E6: =신재생에너지원별특징!I1 -> ⒢1kW에너지 생산시 연료소비량(kWh/kWp) | F6: =신재생에너지원별특징!J1 -> ⒣1kW당연간전기 절약금액(원/kW*yr) | G6: =신재생에너지원별특징!K1 -> ⒤1kW당 연간 열 절약금액(100% 사용시) (g)+(h)
B7: 보수 및 유지관리비(수선비) | C7: 소모품 교체, 고장 수리, 정기 점검 | D7: =신재생에너지원별특징!M1 -> ⒦1kW당 연간유지관리비(원/(kW*yr) | E7: =신재생에너지원별특징!F1 -> ⒟원별 장비비(초기비용)(원/kW)
A8: 인센티브 | B8: 용적률 및 높이 비율 | C8: 자립률(ZEB 등급)에 따른 용적률 비율 | D8: =신재생에너지원별특징!P1 -> ⒩ZEB(에너지자립률) 인증시 기여도 | E8: =신재생에너지원별특징!C1 -> ⒜단위 에너지생산량(kWh/㎡ㆍyr) | F8: =신재생에너지원별특징!E1 -> ⒞연간 단위에너지생산량(kWh/yr) (a)*(b)
A9: 건물디자인 | B9: 태양광 설치면적 | C9: 옥상 및 외피 설치 면적 | D9: =신재생에너지원별특징!Q1 -> ⒪건물 디자인 퐐손도 | E9: =신재생에너지원별특징!R1 -> ⒫건물 옥상 등 외부 공간 차지도 | F9: =신재생에너지원별특징!O1 -> ⒨kW당 설치면적(㎡)
A10: 시공성 | B10: 시공 관련 제반 사항 | C10: 설치면적: 지열(토지면적 대비), 연료전지(기계실 내 배치면적)만 대상(태양광은 건물 디자인에서 평가) 공사기간, 공사난이도 등 | D10: =신재생에너지원별특징!O1 -> ⒨kW당 설치면적(㎡) | E10: =신재생에너지원별특징!S1 -> ⒬공사기간 | F10: =신재생에너지원별특징!T1 -> ⒭공사난이도
A11: 법적규제 | B11: 신재생에너지의무설치비율 | D11: =신재생에너지원별특징!C1 -> ⒜단위 에너지생산량(kWh/㎡ㆍyr) | E11: =신재생에너지원별특징!D1 -> ⒝원별 보정계수 | F11: =신재생에너지원별특징!E1 -> ⒞연간 단위에너지생산량(kWh/yr) (a)*(b)
B12: 자립률(ZEB 등급) | D12: =신재생에너지원별특징!P1 -> ⒩ZEB(에너지자립률) 인증시 기여도 | E12: =신재생에너지원별특징!C1 -> ⒜단위 에너지생산량(kWh/㎡ㆍyr) | F12: =신재생에너지원별특징!E1 -> ⒞연간 단위에너지생산량(kWh/yr) (a)*(b)
B13: 신재생에너지전력생산비율 | D13: =신재생에너지원별특징!H1 -> ⒡ 1kW당 연간 발전량(kW/yr) | E13: =신재생에너지원별특징!C1 -> ⒜단위 에너지생산량(kWh/㎡ㆍyr) | F13: =신재생에너지원별특징!E1 -> ⒞연간 단위에너지생산량(kWh/yr) (a)*(b)

Sheet 신재생에너지원별특징
A1: 형식 | B1: 세부형식 | C1: ⒜단위 에너지생산량(kWh/㎡ㆍyr) | D1: ⒝원별 보정계수 | E1: ⒞연간 단위에너지생산량(kWh/yr) (a)*(b) | F1: ⒟원별 장비비(초기비용)(원/kW) | G1: ⒠연간단위에너지생산량 단가 (d)/(b) | H1: ⒡ 1kW당 연간 발전량(kW/yr) | I1: ⒢1kW에너지 생산시 연료소비량(kWh/kWp) | J1: ⒣1kW당연간전기 절약금액(원/kW*yr) | K1: ⒤1kW당 연간 열 절약금액(100% 사용시) (g)+(h) | L1: ⒥1kW당 연간사용금액(전기, 가스요금) | M1: ⒦1kW당 연간유지관리비(원/(kW*yr) | N1: ⒧1kW당 연간 순익(원/kW*yr) (i)-(j)-(k) | O1: ⒨kW당 설치면적(㎡) | P1: ⒩ZEB(에너지자립률) 인증시 기여도 | Q1: ⒪건물 디자인 퐐손도 | R1: ⒫건물 옥상 등 외부 공간 차지도 | S1: ⒬공사기간 | T1: ⒭공사난이도 | U1: 장점 | V1: 단점 / 유의사항
C2: *의무설치비율계산시 사용 (=연간단위에너지생산량/연간단위에너지소요량) (공공기관, 녹색건축물설계기준) | H2: 1kW*365d*일간 발전시간 (태양광: 3.5h, 연료전지 24h)
A3: 태양광 | B3: 고정식(수평설치) PV | C3: 1358 | D3: 0.95 | E3: =C3*D3 -> 1290.1 | F3: 2600000 | G3: 1 | H3: 1277.5 | I3: 0 | J3: 178495.8 | M3: 52000 | N3: =J3+K3-L3-M3 -> 126495.8 | O3: 5 | P3: 매우높음 | Q3: 매우높음 | R3: 매우높음 | S3: 매우낮음 | T3: 매우낮음 | U3: 가장 보편적·접근성 높은 신재생원. 초기투자비·운영비(무인운전) 최저. 검증된 기술로 유지관리 용이. | V3: 옥상·외부 설치면적 필요. 태양광 모듈 고정을 위한 구조물 설치 필요하며, 이에 따라 건물 외관 헤침 일사·기상에 따라 발전량 변동(간헐성). 보정계수 0.95로 가장 낮아 의무비율 충족에 많은 용량 필요.
A4: 태양광 | B4: 고정식(수직설치) BAPV | C4: 1358 | D4: 0.95 | E4: =C4*D4 -> 1290.1 | F4: 2600000 | G4: =F4/E4 -> 2015.3476 | H4: 1277.5 | I4: 0 | J4: 178495.8 | M4: 52000 | N4: =J4+K4-L4-M4 -> 126495.8 | O4: 5 | P4: 매우높음 | Q4: 매우높음 | R4: 매우낮음 | S4: 낮음 | T4: 높음 | U4: 가장 보편적·접근성 높은 신재생원. 초기투자비·운영비(무인운전) 최저. 검증된 기술로 유지관리 용이. | V4: 건물 외벽면 설치면적 필요. 태양광 모듈 고정을 위한 구조물 설치 필요하며, 이에 따라 건물 외관 헤침 태양광 모듈 낙하 등의 안전 문제 우려 일사·기상에 따라 발전량 변동(간헐성). 보정계수 0.95로 가장 낮아 의무비율 충족에 많은 용량 필요.
A5: 태양광 | B5: BIPV | C5: 923 | D5: 6.12 | E5: =C5*D5 -> 5648.76 | F5: 5000000 | G5: =F5/E5 -> 885.15002 | H5: 1277.5 | I5: 0 | J5: 178495.8 | M5: 100000 | N5: =J5+K5-L5-M5 -> 78495.8 | O5: 5 | P5: 매우높음 | Q5: 매우높음 | R5: 매우낮음 | S5: 낮음 | T5: 높음 | U5: 건축물 외피(벽면·창)를 활용해 옥상면적 제약이 적고 미관·디자인 통합 가능. ★보정계수 6.12로 매우 높아 의무비율·자립률에 유리(소면적으로 효과 큼). 고층 등 옥상 부족 건물의 자립률 확보 수단. | V5: ★초기투자비가 일반 PV보다 높음. 수직·단일방위 설치로 단위발전량(923)이 PV보다 낮음. 인접 건물 음영·기상 영향. 외피 적용 시 화재·시공 품질관리 필요.
A6: 지열 | B6: 수직밀폐형 | C6: 864 | D6: 1.26 | E6: =C6*D6 -> 1088.64 | F6: 2000000 | G6: =F6/E6 -> 1837.1546 | H6: 발전없음 | I6: 0.17 | K6: 229208 | L6: 75788 | M6: =F6*0.01 -> 20000 | N6: =J6+K6-L6-M6 -> 133420 | O6: 0.44 | P6: 보통 | Q6: 매우낮음 | R6: 낮음 | S6: 매우높음 | T6: 매우높음 | U6: 연중 안정적 냉난방 열원(외기 영향 적음). 운전 소음·미관 영향 적음. 냉·난방 동시 대응. | V6: ★초기투자비 높음(천공·보어필드 공사비) 및 천공 부지 필요 → 공사기간 증가. 히트펌프 구동 전력요금 발생. 보정계수 1.26으로 의무비율 효율은 보통.
A7: 연료전지 | B7: PEMFC(건물용) | C7: 7415 | D7: 2.2 | E7: =C7*D7 -> 16313 | F7: 25000000 | G7: =F7/E7 -> 1532.5201 | H7: 8760 | I7: 1.1 | J7: 1620808.3 | K7: 995712.72 | L7: 1502476.4 | M7: 510000 | N7: =J7+K7-L7-M7 -> 604044.56 | O7: 0.6 | P7: 낮음 | Q7: 매우낮음 | R7: 매우낮음 | S7: 낮음 | T7: 보통 | U7: 연중 기저부하로 안정적 전력 공급(고가동률). ★저온 폐열(약 80℃)이라 급탕·난방에 직접 활용 적합 → 열사용 최적화에 유리. 보정계수 2.20으로 PV보다 의무비율 효율 높아 소용량 설치 가능. | V7: 초기투자비 높음, 운전용 도시가스 요금 발생. 폐열회수 별도 설비(공조열교환기·온수탱크 등) 필요. ★발전효율은 SOFC보다 낮은 편. 열 수요처 없으면 효율 저하. | X7: =O7*10 -> 6
A8: 연료전지 | B8: SOFC(건물용) | C8: 9198 | D8: 8.71 | E8: =C8*D8 -> 80114.58 | F8: 100000000 | G8: =F8/E8 -> 1248.2122 | H8: 8760 | I8: 1.1 | J8: 1620808.3 | K8: 528673.68 | L8: 968346.06 | M8: =F8*0.01 -> 1000000 | N8: =J8+K8-L8-M8 -> 181135.9 | O8: 1 | P8: 낮음 | Q8: 매우낮음 | R8: 매우낮음 | S8: 낮음 | T8: 보통 | U8: 연중 안정적 전력 공급. ★연료전지 중 발전효율 최고(약 50~60%). 보정계수 8.71로 전 신재생원 중 의무비율·자립률 효율 최고 → 최소 용량으로 충족. 고온 폐열로 고급 열 활용 가능. | V8: 초기투자비 높음, 도시가스 요금 발생. 고온 운전으로 기동·정지 부담, 폐열회수 별도 설비 필요. 열 수요 없으면 고온 폐열 미활용.
A9: 연료전지 | B9: PAFC(발전용) | C9: 8785 | D9: 0.93 | E9: =C9*D9 -> 8170.05 | F9: 11360000 | G9: =F9/E9 -> 1390.4444 | H9: 8760 | I9: 1.1 | J9: 1620808.3 | K9: 823440 | L9: 1502476.4 | M9: 568181.82 | N9: =J9+K9-L9-M9 -> 373590.03 | O9: 0.2 | P9: 낮음 | Q9: 매우낮음 | R9: 매우낮음 | S9: 매우낮음 | T9: 낮음 | U9: 검증된 상용기술로 대용량 전력 안정 공급, 전력 집약시설(데이터센터 등)에 유리. 약 200℃ 중온 폐열로 열병합 가능. | V9: 단위용량 큼(약 400kW급)으로 소규모 세부 용량 설계 어려움. 대당 설치비·연간 유지보수 계약 부담. ★현행 별표10 미등재 → 건물 의무비율 산정 시 별도 확인 필요. | X9: =O9*440 -> 88
A10: 연료전지 | B10: SOFC(발전용) | E10: =C10*D10 -> 0 | F10: 16666667 | H10: 8760 | I10: 1.1 | J10: 1620808.3 | K10: 502224.93 | L10: 1054337.8 | M10: 833333.33 | N10: =J10+K10-L10-M10 -> 235362.08 | O10: 0.14 | P10: 낮음 | Q10: 매우낮음 | R10: 매우낮음 | S10: 매우낮음 | T10: 낮음 | U10: 대용량 전력 안정 공급, 전력사용량 매우 높은 데이터센터 등에 유리. 높은 발전효율. | V10: 단위용량 큼(약 300kW급)으로 세부 설계 어려움. 대당 설치비·유지보수 부담. *발전사업용은 RPS(REC 가중치) 체계로, 건물 자가소비 시에만 별표10(8.71) 적용. | X10: =O10*300 -> 42
AC15: 5100000
Z16: =1.8*2.3 -> 4.14 | AA16: =Z16*5 -> 20.7 | AB16: =AA16*2 -> 41.4 | AC16: 100000000

Sheet 건축정보
A1: 입력정보 | B1: 추가 생성 정보
A2: 건축규모 | B2: 옥상 가용면적
B3: 외피(입면) 가용면적
A4: 건물유형 | B4: 건물유형별 사용자 요구 우선도
A5: 건축규모+건축규모 | B5: 연간 예상 전력소비량
A6: 민간/공공여부+건축규모+건물유형 | B6: 적용 규제 기준
A7: 철도보호지구 정보 | B7: 철도보호지구 제외 대지 면적

Sheet 건물유형별 규제사항 및 사용자 요구도
B1: 건물유형(고유) | C1: 규제사항 | F1: 사용자 요구도
F2: 비용관련 | H2: 건물디자인 개선 | I2: 인센티브 확보 | J2: 시공성 요구도
C3: 신재생의무 설치비율 | D3: ZEB(자립률) 인증 | E3: 신재생전력 생산량 | F3: Initial Cost | G3: Running Cost | J3: 토지 개발 최소화 | K3: 기계실 면적 최소화 | L3: 공사기간 최소화 | M3: 공사난이도 최소화
A4: 민간 | B4: 공동주택 | C4: 의무(조건부) | D4: 선택 | E4: 의무(조건부) | F4: 높음 | G4: 보통 | H4: 높음 | I4: 높음 | J4: 높음 | K4: 낮음 | L4: 높음 | M4: 보통
A5: 민간 | B5: 사무실·업무시설 | C5: 의무(조건부) | D5: 선택 | E5: 의무(조건부) | F5: 높음 | G5: 보통 | H5: 높음 | I5: 높음 | J5: 높음 | K5: 높음 | L5: 높음 | M5: 보통
A6: 민간 | B6: 상가 | C6: 의무(조건부) | D6: 선택 | E6: 의무(조건부) | F6: 높음 | G6: 보통 | H6: 보통 | I6: 보통 | J6: 높음 | K6: 낮음 | L6: 높음 | M6: 보통
A7: 민간 | B7: 주상복합 | C7: 의무(조건부) | D7: 선택 | E7: 의무(조건부) | F7: 높음 | G7: 보통 | H7: 높음 | I7: 높음 | J7: 높음 | K7: 낮음 | L7: 높음 | M7: 보통
A8: 민간 | B8: 데이터센터 | C8: 의무(조건부) | D8: 선택 | E8: 의무(조건부) | F8: 높음 | G8: 높음 | H8: 낮음 | I8: 낮음 | J8: 높음 | K8: 높음 | L8: 높음 | M8: 높음
A9: 공공 | B9: 공동주택 | D9: 의무 | E9: 의무(조건부) | F9: 낮음 | G9: 보통 | H9: 보통 | I9: 낮음 | J9: 보통 | K9: 낮음 | L9: 높음 | M9: 보통
A10: 공공 | B10: 사무실·업무시설 | C10: 의무 | D10: 의무 | E10: 의무(조건부) | F10: 낮음 | G10: 보통 | H10: 낮음 | I10: 낮음 | J10: 보통 | K10: 높음 | L10: 높음 | M10: 보통
A11: 공공 | B11: 상가 | C11: 의무 | D11: 의무 | E11: 의무(조건부) | F11: 낮음 | G11: 보통 | H11: 낮음 | I11: 낮음 | J11: 보통 | K11: 낮음 | L11: 높음 | M11: 보통
A12: 공공 | B12: 주상복합 | C12: 의무 | D12: 의무 | E12: 의무(조건부) | F12: 낮음 | G12: 보통 | H12: 보통 | I12: 낮음 | J12: 보통 | K12: 낮음 | L12: 높음 | M12: 보통
A13: 공공 | B13: 데이터센터 | C13: 의무 | D13: 의무 | E13: 의무(조건부) | F13: 낮음 | G13: 높음 | H13: 낮음 | I13: 낮음 | J13: 보통 | K13: 높음 | L13: 높음 | M13: 높음
